Arusha,Monduli
Arusha,Arusha
Arusha,Arumeru
Arusha,Karatu
Arusha,Longido
Arusha,Ngorongoro
Dar es Salaam,Ilala
Dar es Salaam,Kinondoni
Dar es Salaam,Temeke
Dar es Salaam,Kigamboni
Dar es Salaam,Ubungo
Dodoma,Bahi
Dodoma,Chamwino
Dodoma,Chemba
Dodoma,Dodoma
Dodoma,Kondoa
Dodoma,Kongwa
Dodoma,Mpwapwa
Geita,Bukombe
Geita,Chato
Geita,Geita
Geita,Mbogwe
Geita,Nyang'hwale
Iringa,Iringa
Iringa,Kilolo
Iringa,Mafinga Town
Iringa,Mufindi
Kagera,Biharamulo
Kagera,Bukoba
Kagera,Karagwe
Kagera,Kyerwa
Kagera,Missenyi
Kagera,Muleba
Kagera,Ngara
Katavi,Mlele
Katavi,Mpanda
Kigoma,Buhigwe
Kigoma,Kakonko
Kigoma,Kasulu
Kigoma,Kibondo
Kigoma,Kigoma
Kigoma,Uvinz
Kilimanjaro,Hai
Kilimanjaro,Moshi
Kilimanjaro,Mwanga
Kilimanjaro,Rombo
Kilimanjaro,Same
Kilimanjaro,Siha
Lindi,Kilwa
Lindi,Lindi
Lindi,Liwale
Lindi,Nachingwea
Lindi,Ruangwa
Manyara,Babati
Manyara,Hanang
Manyara,Kiteto
Manyara,Mbulu
Manyara,Simanjiro
Mara,Bunda
Mara,Butiama
Mara,Musoma
Mara,Rorya
Mara,Serengeti
Mara,Tarime
Mbeya,Busokelo
Mbeya,Chunya
Mbeya,Kyela
Mbeya,Mbarali
Mbeya,Mbeya
Mbeya,Rungwe
Mororgoro,Gairo
Mororgoro,Kilombero
Mororgoro,Kilosa
Mororgoro,Morogoro
Mororgoro,Mvomero
Mororgoro,Ulanga
Mtwara,Masasi
Mtwara,Mtwara
Mtwara,Nanyumbu
Mtwara,Newala
Mtwara,Tandahimba
Mwanza,Ilemela
Mwanza,Kwimba
Mwanza,Magu
Mwanza,Misungwi
Mwanza,Nyamagana
Mwanza,Sengerema
Mwanza,Ukerewe
Njombe,Ludewa
Njombe,Makambako Town
Njombe,Makete
Njombe,Njombe
Njombe,Wanging'ombe
Pwani,Bagamoyo
Pwani,Kibaha
Pwani,Kisarawe
Pwani,Mafia
Pwani,Mkuranga
Pwani,Rufiji
Rukwa,Kalambo
Rukwa,Nkasi
Rukwa,Sumbawanga
Ruvuma,Mbinga
Ruvuma,Namtumbo
Ruvuma,Nyasa
Ruvuma,Songea
Ruvuma,Tunduru
shinyanga,Kahama
shinyanga,Kishapu
shinyanga,Shinyanga
Simiyu,Bariadi
Simiyu,Busega
Simiyu,Itilima
Simiyu,Maswa
Simiyu,Meat
Singida,Ikungi
Singida,Iramba
Singida,Manyoni
Singida,Mkalama
Singida,Singida
Songwe,Ileje
Songwe,Mbozi
Songwe,Momba
Songwe,Songwe
Tabora,Igunga
Tabora,Kaliua
Tabora,Nzega
Tabora,Sikonge
Tabora,Tabora
Tabora,Uyu
Tanga,Handeni
Tanga,Kilindi
Tanga,Korogwe
Tanga,Lushoto
Tanga,Mkinga
Tanga,Muheza
Tanga,Pangani
Tanga,Tanga
Zanzibar,Zanzibar Central/South
Zanzibar,Zanzibar North
Zanzibar,Zanzibar Urban/West